accuracy,precision,recall,f1,args
0.8307692307692308,0.7995111571198527,0.8139730639730639,0.7874144742033701,Namespace(dataset='glass')
