accuracy,precision,recall,f1,args
0.8757062146892656,0.39367088607594936,0.21598224195338514,0.2351652000664121,Namespace(dataset='hepatitis')
