accuracy,precision,recall,f1,args
0.9466915746155512,0.9140650489378178,0.7311532301325596,0.7314889966606906,Namespace(dataset='internet')
